index,file_name
0,BRD_2018-12-30_17.00
1,NEBL_2019-04-08_16.30
2,EDO_2018-10-13_19.00
3,ICN_2018-06-27_17.00
4,PPT_2020-10-21_18.00
5,FUEL_2020-03-27_21.00
6,SNM_2020-09-04_16.00
7,BTS_2019-07-19_17.00
8,GNT_2020-04-10_16.00
9,GRS_2019-03-05_16.30
10,MDA_2020-11-27_21.00
11,BRD_2020-11-09_16.00
12,STORJ_2019-08-10_20.00
13,OAX_2020-10-18_18.00
14,VIBE_2018-07-14_17.00
15,RDN_2020-08-25_18.00
16,PIVX_2019-06-02_16.00
17,DLT_2018-03-11_20.00
18,HC_2019-05-18_15.30
19,RDN_2019-05-10_16.00
20,OAX_2020-11-05_16.00
21,RDN_2020-10-17_16.00
22,EVX_2020-12-29_18.00
23,YOYOW_2018-05-12_18.00
24,ONG_2019-10-29_18.00
25,ONG_2021-01-11_16.00
26,DATA_2019-09-08_18.00
27,GVT_2018-01-13_20.00
28,NEBL_2020-06-14_16.00
29,STORJ_2018-12-08_18.45
30,DLT_2020-01-04_20.00
31,CHAT_2018-06-10_20.00
32,BNT_2018-01-27_18.00
33,IDEX_2020-12-31_17.00
34,BRD_2018-11-13_17.00
35,VIA_2018-09-30_19.00
36,TNB_2020-03-21_16.00
37,NAS_2020-05-30_16.00
38,SNT_2019-08-22_20.00
39,ARDR_2019-05-31_17.00
40,DNT_2020-02-27_16.00
41,OAX_2018-12-07_17.00
42,TCT_2020-03-13_16.00
43,GNT_2020-01-10_18.00
44,RLC_2020-04-20_16.00
45,MOD_2018-02-12_19.00
46,ONG_2020-01-09_17.00
47,BNT_2018-01-20_19.00
48,NXS_2020-08-02_16.00
49,WABI_2018-12-16_17.00
50,DUSK_2020-10-30_16.00
51,QSP_2020-06-13_16.00
52,SYS_2020-02-26_18.00
53,ADX_2020-07-07_16.00
54,LUN_2020-03-18_19.00
55,EVX_2018-11-20_17.00
56,GVT_2020-07-04_16.00
57,OAX_2020-06-28_16.00
58,NXS_2020-01-20_19.00
59,NXS_2020-03-03_16.00
60,WPR_2020-02-10_20.00
61,WPR_2019-05-15_15.00
62,VIB_2021-01-08_17.00
63,AST_2018-09-07_15.30
64,NAS_2020-12-23_18.00
65,SNGLS_2021-01-11_21.00
66,NXS_2021-01-15_17.00
67,DLT_2018-05-10_15.30
68,EDO_2019-09-06_18.00
69,POA_2020-03-12_19.00
70,SYS_2020-07-16_18.00
71,STPT_2020-09-08_16.00
72,SYS_2019-05-23_17.00
73,NEBL_2019-06-16_21.00
74,APPC_2020-12-07_16.00
75,ICN_2018-09-11_15.30
76,RDN_2018-11-27_17.00
77,ARDR_2019-04-17_17.00
78,DLT_2019-07-15_17.00
79,RDN_2020-02-01_13.00
80,NXS_2020-07-21_16.00
81,CLOAK_2018-07-01_19.00
82,QLC_2021-01-06_16.00
83,NAV_2020-02-20_16.00
84,VIB_2020-01-12_20.00
85,DATA_2019-08-15_20.00
86,APPC_2020-11-04_17.00
87,LRC_2019-07-25_20.00
88,OAX_2018-09-25_14.00
89,SNM_2019-06-02_21.00
90,PPT_2020-08-04_18.00
91,RDN_2020-03-13_16.00
92,VIB_2019-07-02_17.00
93,OST_2019-10-22_18.00
94,WABI_2018-07-06_16.00
95,BLZ_2019-04-13_17.00
96,XZC_2018-10-20_20.05
97,POA_2019-05-26_21.00
98,NAV_2019-05-18_17.00
99,QLC_2018-07-28_19.00
100,GRS_2018-10-24_19.00
101,YOYOW_2020-11-01_18.00
102,NXS_2019-10-02_18.00
103,EDO_2019-09-25_16.00
104,APPC_2020-11-18_18.00
105,BQX_2019-01-29_14.00
106,ADX_2019-07-05_17.00
107,VIB_2020-07-30_18.00
108,CLOAK_2018-10-01_19.00
109,ARN_2020-04-07_18.00
110,CND_2018-10-20_16.00
111,SNGLS_2018-08-03_15.00
112,RDN_2019-04-24_17.00
113,OAX_2018-04-29_19.00
114,QLC_2020-09-06_16.00
115,BCPT_2021-01-09_13.00
116,SNGLS_2018-04-10_19.00
117,ICN_2018-08-08_16.00
118,RCN_2021-01-10_17.00
119,ONG_2020-05-26_16.00
120,QSP_2020-09-10_18.00
121,NXS_2020-11-06_20.00
122,RDN_2019-07-29_15.00
123,CND_2019-07-09_17.00
124,QLC_2018-10-09_17.00
125,HC_2018-12-27_17.00
126,WABI_2019-08-02_18.00
127,REQ_2019-04-29_15.00
128,EVX_2018-04-02_16.30
129,SNT_2019-07-22_16.00
130,NAV_2018-01-07_18.00
131,STORJ_2019-06-11_18.00
132,BRD_2020-01-20_16.00
133,SNM_2021-01-08_21.00
134,GVT_2020-10-14_18.00
135,YOYOW_2019-08-08_16.00
136,EVX_2021-01-09_21.00
137,BLZ_2019-07-28_17.00
138,BNT_2019-09-09_20.00
139,NAV_2020-01-16_19.00
140,ELF_2020-07-24_17.00
141,EDO_2019-02-16_18.00
142,SNGLS_2019-06-28_17.00
143,NXS_2020-12-03_18.00
144,DATA_2018-09-29_19.00
145,XZC_2018-01-23_18.00
146,AST_2020-05-09_16.00
147,BNT_2019-01-06_21.00
148,EVX_2019-01-08_16.00
149,DLT_2018-08-23_16.00
150,DGD_2018-01-09_20.00
151,OAX_2018-08-17_16.00
152,BLZ_2019-06-24_18.30
153,PPT_2018-01-03_18.00
154,KMD_2018-01-04_16.00
155,CDT_2020-09-16_16.00
156,CTXC_2020-06-03_16.00
157,BCPT_2020-11-14_18.00
158,ARDR_2020-11-02_16.00
159,BLZ_2019-05-27_17.00
160,QSP_2019-08-29_18.00
161,MDA_2021-01-03_17.00
162,NAV_2018-09-22_19.00
163,REN_2019-06-19_15.00
164,NEBL_2020-12-02_18.00
165,CDT_2019-05-13_15.00
166,SYS_2019-07-17_17.00
167,CVC_2019-08-13_20.00
168,DLT_2020-12-26_21.00
169,VIBE_2018-09-09_19.00
170,NEBL_2021-01-02_21.00
171,TCT_2020-03-23_16.00
172,PIVX_2019-07-05_16.00
173,DNT_2018-03-24_18.30
174,BRD_2018-10-08_14.00
175,APPC_2021-01-13_21.00
176,CTXC_2020-07-10_17.00
177,RDN_2018-10-28_17.00
